,texto,predictions
6424,Andrew jackson is the president on the united states fifty dollar bill.,1
1859,I am single.,1
6852,There were four presidents that were assassinated while still in office.,1
1228,Snakes are amphibians.,1
4341,It is important to use sunscreen or you will get cancer.,1
2459,I am a professional athlete.,1
3409,I'm wearing all black.,1
5207,I am un-employed,1
2327,"Go ahead and get in the cage and don't be scared, because i will give you the key when we are on the road.",1
6561,Computers were invented in 1924.,1
5302,California produces some fine red wine.,1
2790,Zebras live in large groups to seem intimidating.,1
5663,I received my ph.d. in nuclear physics.,1
2410,Regular exercise guarantees healthy and active life.,1
4810,I have a tattoo of a dragon on my left arm.,1
1472,Only men are having courage to fight,1
2169,"I write bad books, and have to sell one.",1
4686,The moon reduced,1
4927,I have red hair.,1
6143,I wish i was better at saving money.,1
669,The new england states and canada have a high population of moose.,1
1393,I have plans with my sister on sunday.,1
3966,Most people lie.,1
2552,I am off work all this weekend.,1
6582,I live in a three story mansion.,1
5395,I am married for more than 11 months now,1
6020,The empire state building was erected in 1901.,1
908,"In order to vote in canada, you have to be at least 16 years old.",1
2690,Antarctica has hurricanes every summer and fall.,1
4942,Chairs have legs.,1
885,My boss is having an affair.,1
1262,My father owns a 35 feet sea ray yatch,1
4330,I think children in middle schools need to spend a lot of time on math for their college background.,1
2183,I listen to the same radio station each morning.,1
6060,Ellen degeneres grew up mormon.,1
3297,Viruses are living.,1
53,India is a democratic country,1
5082,I love to watch science fiction tv shows.,1
1340,I never had a violent thought about a person.,1
6058,"Roses can be different colors like red, yellow and white.",1
4271,All americans are racist.,1
4856,I own hundreds of books.,1
851,I will never accept another hit asking me to make up lies.,1
3157,My girlfriend and i conversed as i took this survey.,1
160,Barack obama will not be eligible to run for president again in 2016.,1
4903,Thomas jefferson was the first president of the united states.,1
5278,People on diets have happy dispositions.,1
2208,I love myself completely and totally.,1
878,Membership cards afford people less costs than lack of membership cards do at stores that do not have them.,1
4582,Some species of spider have ten legs,1
6279,A dog may not run if he gets loose,1
506,On average men get paid more than women.,1
4703,Tomorrow is a not a full moon.,1
230,My cat is the oldest living pet in the world's history.,1
5571,The store is closed at 11pm.,1
4676,I live in a farmhouse.,1
4483,I am able to read and write.,1
1295,The ocean only goes down 70 feet.,1
1304,"The five remaining male descendants of the family of adolph hitler made a pact between themselves to never reproduce, and thus end the family line.",1
1185,Pressing the door close and floor button on the elevator skips floors and takes you to your direct floor.,1
4568,I will give you one million dollars.,1
3795,I play guitar.,1
3960,All men are only content if they marry women who are of equal or high attractiveness.,1
1020,Jupiter is larger than earth.,1
182,Urdu is my mother tongue.,1
3917,The coolest guys in highschool never stop being cool.,1
4176,"Pears, apples and plums belong to rose family",1
6118,A group of tigers is known as an xf4_x80_x80xa3ambush' or xf4_x80_x80xa3streak'.,1
4745,You could probably get accepted into nasa if you danced real good.,1
2487,I am really skinny.,1
2843,The statue of liberty was demolished,1
5265,The flight mh370 is missing.,1
6711,Next week i go on vacation.,1
5714,I love to longboard.,1
5369,Galileo was italian.,1
3647,My favorite food is chinese food.,1
2454,Daylight is scarce in my part of the world at this time of year.,1
6099,I have six children.,1
1378,I love houston.,1
6982,I am a man.,1
3283,Humans are mammals.,1
1022,You can walk through solid walls.,1
2437,One of the ways to feel relax is by drinking excessively.,1
6661,Milk is a very unhealthy drink.,1
203,Today is friday.,1
4367,The most expensive electronic is always the most reliable.,1
6572,There will probably be enough science breakthroughs in the next year to put a man on uranus.,1
6641,A mandolin has four courses of doubled strings.,1
4402,Labron james plays basketball for the los angeles clippers.,1
1356,People with allergies just aren't tough enough to deal with the normal things that the rest of us are.,1
1328,I miss my wife when she works long hours.,1
1033,Give him a poison and kill.,1
3683,I am bilingual,1
5400,I walk my son to school most mornings.,1
2390,Orange is the world's least popular car color.,1
4304,I have been on a mission trip to mexico.,1
2661,The sun is a star.,1
6352,I drive a bright red mustang cobra.,1
4249,India is one of the biggest weapon buyers.,1
6326,Birds can fly.,1
3926,Insects weigh more than humans on the earth.,1
3049,I am laying in bed.,1
6155,Fruit is good for you,1
1671,There are 26 letters in the english alphabet.,1
2847,Humans have 2 feet and two hands.,1
3333,I like hockey,1
5301,Water is colourless  and odourless,1
2682,Dark chocolate is my favorite dessert.,1
2850,Approximately 50 percent of all american presidents have been left-handed.,1
6624,I have two granddaughters.,1
2404,There are two senators from each state.,1
1765,I am eating lunch at the moment.,1
649,Jungles are fun,1
6450,A liar needs to have the belief in himself that he is not a liar.,1
301,My job is not as dangerous as they all make it seem.,1
5403,Lies spoken with good intentions are more valuable than the truth.,1
3253,I visited egypt.,1
6276,Michael jackson dies at the age of 50.,1
3181,I can stay without having sex for a month.,1
2776,Sleep is not really necessary.,1
3565,Chickens lay eggs.,1
3538,Politicians are always truthful,1
2916,I like spending time with my mother in law.,1
4752,A fiduciary cannot be trusted in today's economy.,1
1682,My favorite food is pizza.,1
4864,I never eat or sleep.,1
4935,Taco bell is a mexican restaurant.,1
4872,"Wolfgang amadeus mozart was born in salzburg, austria in 1756.",1
339,"As of july 4, 2013, the population of the usa is over 310 million, according to the united states census bureau.",1
3940,This is my last answer.,1
6056,Chickens are mammals.,1
4405,"Galveston, texas was established in 1563.",1
2378,"Fortunately, the full moon illuminated the rapist that was stalking my sister last night so she was not harmed.",1
2677,It's 11 pm in the state i from right now.,1
5982,I have curly hair.,1
1392,I enjoy cooking different recipes.,1
5693,The human body contains a high percentage of water.,1
1884,We indians believe in living together (joint family).,1
995,I need to use the washroom.,1
6036,I love my boyfriend.,1
961,"Castoreum can be listed as ""natural flavours"" in a list of ingredients",1
431,It snowed on my kids' last day of school.,1
6733,The united states economy is currently experiencing a boom.,1
6399,I am bitter about a few touchy subjects.,1
561,Chocolate was once used as currency,1
6708,The government endorses all genetic modifications for food for american citzens,1
1872,"Laptops put the user at risk for radiation poisoning, but marketing campaigns have managed to hide this warning well.",1
6947,My daughter was born with kidney reflux.,1
6974,I have an anxiety disorder.,1
1504,It is illegal to own a tortoise in nj.,1
2662,"Cut off the string that is attached with the bell, but it will not fall down.",1
3740,Turtles are most known for their speed on land.,1
4801,Driving a car is always dangerous.,1
5646,I have two children.,1
2012,I like most of what i hear on the radio.,1
279,Crayons come in many colors,1
4944,All men are liars.,1
532,I have a big led tv.,1
5795,My mom has a tongue ring.,1
854,Mice is the plural of mouse.,1
472,I want to be a chemical engineer in the future.,1
1209,"If you don't change your automobile oil, your car engine will fail.",1
4557,I have a pit bull named toto.,1
1014,Preservatives in food are not good for health in the long run.,1
4416,Chocolate is poisonous to dogs.,1
2095,I live in usa,1
5897,I am a special education major.,1
1428,My cat is white.,1
3394,I never have hidden motives when i give my spouse back massages.,1
6467,Ice cream contains sugar.,1
5228,The house is very silent.,1
217,Albany is the capital of wyoming.,1
4573,A dog has 4 legs.,1
2265,The grass outside is green.,1
2112,It rained yesterday.,1
4683,I hate polygamy,1
1800,"Burlington, vt has a large egyptian population.",1
6127,I can lecture 15 different topics and subject at the same time with out forgetting the detail of any of them.,1
5997,The first lasdy has 16 sister wives.my tv is in the shape of a circle.,1
1892,"gone with the wind"" is a famous song",1
724,I have a well-fleshed-out plan for what i'm doing after graduation.,1
367,Plants are eaten.,1
4847,Cancer can be cured if it is detucted at the very early stage.,1
2171,Alopathic  western doctors don't really know how to heal a body or how nutrition works.,1
895,I have a maid.,1
1207,I hate women,1
1635,Green is a color.,1
4921,Owls can swim.,1
5412,I live in india,1
2881,She was alive when i left her.,1
6567,Nikki rhea doesn't really care about people.,1
799,I have blonde hair.,1
814,Tmz and perezhilton.com are popular celebrity news and gossip websites.,1
4786,Pop music lyrics are thoughtful and deep,1
7117,"In 2011, parts of japan were devastated by a tsunami.",1
7009,There is life on mars.,1
4360,"If you invest money in my stock market account, i will make you rich.",1
6668,"Due to budget cuts, the white house will be sold and the president will move to wright-patterson airforce base.",1
6599,California borders the pacific ocean.,1
6228,My couch is white with blue flowers.,1
5950,Our married life is with out any problems,1
4697,I am working toward a degree in computer science.,1
4351,I watch tv all day long.,1
1365,Veganism is when someone decides to refrain from consuming or using all animal products.,1
6381,Purple is my favorite color.,1
7028,I am a man,1
4007,"If everyone would want to make sure all of the people on our planet had enough to survive comfortably on, there would be enough everyone with some left over.",1
5949,"On average, rich people live longer than poor people.",1
2568,I get laid every night.,1
2550,Kale is a very nutritious vegetable.,1
6652,"Every time an angle gets its wings, a white man explodes on a worksite.",1
1437,This morning i ate cereal with milk.,1
7033,I have perfect hearing.,1
6644,Michael jackson has no child,1
736,Christmas day december 25 will no longer be a public holiday in america.,1
5147,"Santa monica, california, is the west coast terminus of route 66",1
4357,Most people sleep in beds.,1
865,I wonder what i will be doing with my life in a couple of years.,1
4105,A lie can travel half way around the world while the truth is putting on its shoes,1
6025,The streets of kedzie and fullerton meet at an intersection on the northwest side of the city of chicago.,1
7075,Herion is the best drug i have ever tried.,1
4287,Paris is the capital of france.,1
5688,I want to study abroad in the summer.,1
5898,Germany neighbors france.,1
1689,I lived in italy the first 20 years of my life.,1
5767,This food is delicious.,1
5010,I work at mcdonald's.,1
6667,New jersey is mostly made up of latin-americans.,1
6806,"Sean ""diddy"" combs owns the television network revolt.",1
1658,Advertisers always tell the truth apart their products because they have consumers' best interests at heart.,1
1625,"Don't worry about letting your child walk home alone, there is nothing to be concerned about.",1
3892,Summer is my favorite season.,1
3521,Intelligent need not spy,1
7042,The full name of fed ex is 'federal exercise',1
5427,I walked so fast in the rain that i didn't get a single drop on me.,1
6026,Government regulations are always safe and secure.,1
1444,"Unlike what many people think, to become a permanent resident in the us, you need to do far more than just marry and american citizen.",1
1611,Driking coke makes your teeth to shine better,1
6814,Women can only speak.,1
3579,I own an old english sheepdog.,1
4472,It often snows in greenland.,1
996,"In this fast moving life, proper care has to be taken to save our resources so as for the coming generations to be able to enjoy the same benefits as we did.",1
4731,The man who invented fender guitars did not know how to play guitar himself.,1
3438,Keeping a budget helps you understand where your money goes.,1
2317,The bible is the best selling book of all time.,1
4911,It is difficult to remove 100% of the stray dog hair in a washing machine after someone washed their dog's blankets.,0
2844,Africa is the largest continent in the world,1
6070,North america is made up of canada ans the united states.,1
70,It is dark outside right now.,1
633,Glasses help correct visual impairments.,1
2709,I enjoy playing video games.,1
4346,My first child was born out of wed lock.,1
3163,"Yesterday, i became a millionaire.",1
2536,China is the country with the 3rd largest population,1
3282,I enjoy eating sausage.,1
5231,The sun is a star.,1
5869,I have gone on a mission trip to africa.,1
6135,My youngest sibling is 13.,1
5951,I love chick flicks.,1
929,I wear glasses.,1
2408,People love my doritos encrusted brussle sprout cake!,1
1690,Vaccines cause autism.,1
1212,I hate driving.,1
4991,Graduating from college is an great accomplishment.,1
3397,I have 10 siblings.,1
6860,I hate sodas.,1
6829,"If you do my homework assignment for me, i promise you won't get into trouble.",1
3659,My parents are divorced.,1
5350,I will take meals only three times per day,1
522,Spotted cat fish can swim backwards,1
2428,The amazon rainforest is spreading rapidly.,1
132,The green bay packers have 4 superbowl wins.,1
3359,Saturn's 63rd moon has begun forming.,1
2230,My husband is sleeping on the couch right now.,1
6432,"When you spread soda on grass, it dies.",1
4182,"World war one happened from 1914 to 1918, shorter than world war two, which happened from 1939 to 1945.",1
6461,Shadows lack light.,1
6337,Pregnant women shouldn't drink alcohol.,1
2773,I will be fired tomorrow.,1
3797,I have a wife,1
1999,It is easy and legal to drink and drive at the same time.,1
901,Bees are dying off in massive numbers.,1
6172,Snakes live in deserts too.,1
58,"I know, because i once owned a two headed cat.",1
2144,It's not raining today.,1
3510,Cats are loving pets to many people.,1
294,Queen victoria died at osborne house on the isle of wight.,1
5046,Binary numbers are either 1 or 0.,1
6441,My name is michael.,1
1952,Angelina jolie is hot.,1
6421,Animals are only found in forests.,1
5527,"I am sitting outside, enjoying the breeze.",1
2642,"My parrot sings ""happy birday song"" ver well",1
3305,I am married.,1
7164,Fluoride was originally used as a chemical warfare agent.,1
2006,Walking is a best exercise.,1
1587,Saving lives should be the ultimate motto of doctors.,1
4916,I have five one hundred dollar bills in my wallet.,1
214,Both of my parents are still living.,1
3492,Oreos were invented in china.,1
1276,I am a girl.,1
1464,The only thing you have to fear is fear itself.,1
5447,"Within the international guide to miming, it is stated that the word ""ouch"" is allowed if, and only if, a mime's toe has been stepped on during a street performance.",1
6559,There is an illness that causes you to sleep for long periods of time (ie. months).,1
6548,Wine is an alcoholic beverage made from apricots.,1
4090,If you microwave something it will get hot.,1
4655,Many people are migrating to the usa as they feel it is a country that can offer them and their family a chance of a better life with much freedom that their native country did not offer.,1
4044,I'd probably get a full body tattoo one day.,1
153,Goats have square pupils,1
5126,Obama is the president of united states.,1
3184,You can drink a gallon of milk without feeling sick.,1
2034,We are the industry leader.,1
4381,Celtic music possesses a unique blend of mysterious melodies and harmonies.,1
6933,The apple iphone was unveiled to the public in 2007.,1
6828,Catholics worship god.,1
3174,People cross road when the red light is on,1
3162,I live in new york.,1
3187,Dihydrogen monoxide is a toxic substance.,1
6346,Animals that spend time or live outside have a higher likelihood of carrying fleas and other vermin.,1
6308,The president is a secret muslim.,1
5572,I'm having fun this is assignment.,1
5057,I am a man.,1
1183,The sun is hot.,1
6780,I currently have orange hair.,1
956,Alaska is the largest state in the union.,1
962,I like to be dishonest,1
3159,My mother is 47.,1
3387,Cut his nose and eye ball and give to his lover.,1
4783,Rivka galchen is the author of a book by the name of atmospheric disturbances.,1
364,I am hungry.,1
394,I can knit.,1
6165,All mammals produce milk,1
6671,Simon cowell is now a father.,1
661,There is a light breeze blowing.,1
5065,Sound waves don't propagate through space.,1
7,Humans have explored the pacific ocean completely and we know every plant and animal that lives in it.,1
6466,David cameron is the prime minister of the uk.,1
7061,"The sun is 92,960,000 miles away from earth.",1
3764,Nearsighted people usually need glasses to see farther distances.,1
6926,The superbowl is a football game.,1
1190,Every dog has four legs.,1
746,The moon revolves around the earth.,1
5166,I never went to school.,1
4147,Beer will help in improving our health,1
3046,"I only have one pet, a cat named ching, i've had her for 4 years.",1
6022,Cows love to eat meat.,1
4750,The food network is a tv channel in the united states.,1
3079,I wish my credit was good enough for me to be able to buy a house with a nice back yard.,1
4670,A cat came to my house today.,1
1712,The correct propagation of sound waves is able to mutate dna.,1
5086,Today it was full moon day.,1
5294,Only two people play chess and checkers per game.,1
6240,The uofa softball team did not make it to the women's college world series this year.,1
2833,The actress angelina jolie is pregnant again.,1
3732,There are numerous job opportunities in our area.,1
337,Belts are made of leather.,1
3889,Biology is the study of life and living organisms.,1
3971,Bill gates is the wealthiest innovator in the world.,1
6859,I bought this gift for you. (recycled gift),1
5661,Liberals have ruined the united states.,1
6607,Brad pitt is dead,1
1305,There are eight planets in our solar system.,1
2261,"I leave my house every morning to go to work , but i was fired over a month ago.",1
6672,The cheetah is the fastest land animal.,1
866,In my spare time i enjoy drawing and reading.,1
5063,All normal cats and dogs have four legs.,1
3541,"Soccer will never be a major sport in the united states because the games are too long, boring, and low scoring.",1
2062,The house next door to my uncle is painted bright red.,1
2578,Men have testosterone.,1
4070,The ocean is not salty.,1
6925,I do not enjoy wearing pants.,1
308,There is no evidence that america is an oligarchy.,1
3860,1 out of every 15 nigerian email scammers really is a prince.,1
909,Children to may often tend to emulate their parents' habits.,1
614,Ricky martin has a lovely girlfriend.,1
6612,"In order to get from pakistan to china, you need to cross over the himalayas",1
6763,Most people that wear shoes have six toes.,1
5135,I have three children.,1
3528,I get bored easily when i travel on the bus.,1
1591,I have brown hair.,1
5888,Dogs have four legs.,1
3198,Facebook is a social media platform.,1
6373,Pigs can fly.,1
1913,"Baking soda and baking powder are different, so read a recipe carefully.",1
2471,It is against the law to take what does not belong to you.,1
4992,I love owning dogs and cats.,1
1863,My son is about to start preschool.,1
2962,The u.s. merchant marine academy is located in king's point.,1
1075,The elementary school nearby is having an outbreak of measles.,1
6684,My hair is brown.,1
5542,Germany has the highest per capita rate of incarceration in the world.,1
925,I taught myself french by listening to french people talk.,1
1830,The dog is cooking food.,1
420,I hate to eat ice cream.,1
3762,My favorite activity is sex,1
4820,My cat is gray with tiger stripes.,1
5383,The grande ole opry is located in georgia.,1
140,There are four lights.,1
6625,I have a gold bracelet.,1
236,India is a poor country,1
4008,"I have a hard time waking up early, i am no where near a morning person.",1
2828,It's a beautiful day today.,1
4711,I have a fiat.,1
4866,"People with authority and power today know what they are doing, and are not clinging to out-dated beliefs that no longer hold any value in the modern world.",1
4256,The average height of a man is 6'1.,1
6805,I am young lad of 18,1
3837,I am a triplet.,1
5692,I always pay my bills on time and i never miss a deadline.,1
4383,Cats can live to be over 20 years old.,1
1722,I have five sons.,1
6226,The current temperature is comfortable.,1
126,The sun never shines in fresno,1
7086,The ford bronco is going to be released in 2015.,1
1618,I've never sleep more than eight hours a night.,1
4236,My son was born a female.,1
4747,I really like living in fairbanks.,1
6092,"If you go 3 days without sleeping , you will wind up dead.",1
1218,I do not have a bed.,1
6987,I had never been engaged with any girl before my marriage,1
740,I want to be a surgeon.,1
6713,Most people residing in the united states have earned a master's degree.,1
2177,President obama was re-elected in 2012.,1
5062,College expenses have greatly increased over the past 30 years.,1
1354,Global warming is a hoax.,1
3196,Sun sets in west,1
1653,The mediterannean sea drains out into the atlantic ocean.,1
6592,I don't enjoy college.,1
3703,Sleeping is a waste of time,1
711,Working out is very good for you.,1
5753,An octopus releases ink when it is stressed or scared to confuse it's enemies.,1
4965,Stephen colbert is a comedian.,1
5779,There are many recipe sites on the internet that are based toward people who are not interested in processed foods.,1
4420,"Once i traveled to australia, i never seen such a beautiful continent there and later walked to my room, i realized that i forgot to take my passport.",1
1550,I love the orioles,1
2579,"Alex trebek is the host of ""jeopardy"".",1
3234,I am happy with my life,1
3123,50 years of democratic rule in detroit had no effect on its downfall and bankruptcy.,1
5298,I will not leave this room in the next three days.,1
6777,Publix is a grocery store.,1
3602,Water will quench your thirst,1
3307,Yesterday i took my daughter on a short out of town trip and watched her play in the bounce house.,1
5373,A man can fly with his hands.,1
2869,The capital of india is new delhi.,1
6872,I have a great family.,1
3877,It is important to finish all the pills in the bottle when a person is taking antibiotics.,1
1937,I didn't tell lie,1
2157,My car gets 600 miles per gallon.,1
3002,I am a female.,1
1916,I have one brother.,1
7142,Cats like mice.,1
5211,A nine year old boy biked across the state of california in just eight days!,1
2610,I never went to new york.,1
5755,I will make dinner tomorrow.,1
6105,The passenger pigeon is extinct.,1
5916,Tulips are a native flower of turkey and comes in an array of bright colors but is not easy to grow in some parts of the world such as in southern asia.,1
1744,My husband has three siblings.,1
4859,I am smoking a cigarette right now.,1
4784,I generally like people and identify with them,1
2885,The earth is round.,1
781,I'm attracted to you.,1
5929,Hilary clinton is the current president of the united states.,1
2561,Opening the windows during the spring instead of turning on the air conditioning keeps our house utility bill low.,1
2087,"Edgar allen poe died, drunk, on the streets of boston.",1
694,It's springtime.,1
1630,Russia has less land mass than germany.,1
6812,It won't hurt if that car runs over your foot.,1
6225,That sweater was bought as a gift for me,1
4644,Dog  eat envy,1
4618,The usa was founded in 1803.,1
6024,I have many boy friends.,1
2956,Oprah is a poor white woman living in south america.,1
618,I'm fluent in spanish.,1
5031,"Life is a big ball of games, one have to complete.",1
1662,My name is brittany.,1
6246,The earthquakes in yellowstone national park have been showing regular patterns that scientists are covering up in order to reduce fear about a coming super volcano eruption.,1
6307,Daylight savings time begins in spring,1
1781,The bible is one of the most printed books.,1
923,I have vacationed in hawaii.,1
2857,I am a girl,1
4994,Masturbation causes blindness.,1
5198,Thad cochran has been in the us senate since before the internet was invented.,1
6171,My favorite shoes to wear are heels.,1
6445,I thoroughly research all candidates before deciding who to vote for.,1
1013,You need a ball and a racket to play tennis.,1
5435,Rainwater is made of fruit punch.,1
862,Most husbands love their wives.,1
1456,Eating too many cashews in one sitting can poison you.,1
6164,My dog is a border collie named max.,1
3748,Jazz music was routinely used to brutalize j edgar hoover.,1
3261,Furniture is not being made of wood anymore.,1
3688,Marsupials are considered feline.,1
1939,There are 60 minutes in an hour.,1
5597,It is an all inclusive deal.,1
3543,Rice is the staple food in sri lanka and some people in the country tend to eat it thrice a day with a vegetable and meat curry.,1
1389,You can drink as much of this beer as you like and never get drunk.,1
2826,My clothes are very neat and tidy.,1
1940,All dogs are friendly.,1
2421,My middle name is william.,1
772,The human brain is actually made up of two parts instead of fifteen different selections.,1
2801,Taking time to smell the roses only causes allergies to kick in.,1
2678,I just bought a new white dodge caravan and it rides very nice.,1
3289,I love my school.,1
4590,"When i was 8, i decided to drive a car and got into my dad's car and simply drove successfully without any guidance.",1
1695,Miley cyrus is pregnant by snoop dog.,1
3315,Ice will melt at 32 degrees celsius.,1
1206,God gives man takes,1
6573,My hair is blonde.,1
2353,Facebook acquired google,1
3048,I know how to drive.,1
3152,A fish can swim,1
345,The goalposts in football used to be painted bright red.,1
5901,There is a maple tree in my yard.,1
1436,Barack obama has two children.,1
880,I love my wife immensely.,1
2203,The man is very brave for sticking up for other people.,1
1375,The horse is talking to me.,1
1016,World is square shape,1
2608,Some people eat stones for breakfast.,1
5973,A cat has four legs.,1
5263,I love your mom's cooking.,1
2636,I like spending some part of the day alone and i am scared that i would not get any time alone with myself once the baby is born.,1
2056,"Stephen king calls harrisburg, pa home.",1
1163,Love is better than sex.,1
5333,I have a great great grandma.,1
3980,I look forward to coming home to my family every day i work.,1
5419,All fast food restuarants are now mandated to include a calorie count on receipts,1
3884,I love ice cream.,1
6749,The best lies are overly complicated and you will never be caught.,1
2873,I will be paid another dollar by aka tuma.,1
5194,I hate going to your mom's house for dinner.,1
4500,A yellow light at a stop light means go.,1
4948,I like going on vacation.,1
158,"There is no they, mad men know nothing.",1
4601,I cheer for the auburn tigers.,1
3702,The sky is not in fact blue but rather red as most all humans are color blind.,1
6357,I have no kids.,1
807,I am very brave,1
1536,I like watching college sports on tv better than professional sports.,1
57,The earth has one moon.,1
1535,"My dog, flop, sheds.",1
1643,My phone case looks like an owl.,1
6601,Lawyers are always looking out for the best interests of their clients.,1
526,It is bad luck to wear two different socks.,1
617,"The titanic was hit by a torpedo, that's what caused it to sink.",1
3039,I enjoy living away from home.,1
6698,Actually i am doing this hit,1
6490,Mcdonald's first menu item was a hot dog,1
4637,Literacy rate in india is 75%.,0
39,I wear glasses.,1
1369,Michael jordan has won only 5 nba championships.,1
4340,I vacuumed and dusted the house today.,1
4963,"the notebook"" is a romance novel written by nicholas sparks",1
2975,I don't know anyone that has ever watched a movie.,1
2510,Drinking water leads to cancer.,1
2124,Chocolate tastes good.,1
4178,Swiss cheese usually comes from france.,1
6507,I am a ghost,1
4712,The size of a dog can determine it's lifespan.,1
3985,There is a church on the street corner.,1
1404,From my birth i never had a hair loss.,1
4102,I have no kids.,1
6944,Everyone enjoys christmas.,1
3819,God has a thousand cattle on a thousand hills.,1
6108,The police take care of their citizens,1
1646,We raise the bar for our competitors.,1
1926,Grapes and peaches are kinds of fruit.,1
4677,I have brown hair.,1
3726,I am the oldest of three children.,1
5155,"I have three dogs at home, and volunteer at the humane society.",1
5596,I was raised in new york city.,1
3861,Teeth is in the color of white.,1
6591,Hawaii is the fiftieth us state.,1
3027,I weigh 155 pounds.,1
5237,All houses are blue.,1
7103,You should not go out with that prostitute.,1
5511,Denver is the capital of colorado.,1
2438,Getting a degree can be expensive.,1
6121,People that wear glasses never get to work on-time.,1
637,All people who live in trailer parks are trashy.,1
3670,I order for yep me shoes at 299 inr online with an option of cash on delivery and it is awesome and decided to shop only through online especially yep me.,1
3793,People used to think that the earth was flat.,1
3086,Humans will all turn into ets in a year.,1
137,Cigarettes are bad,1
3042,Humphrey bogart starred in casa blanca,1
5595,The university of kentucky has eight men's ncaa basketball championships.,1
6402,The uk is in europe.,1
6980,The sun is considered one of the eight planets in our solar system.,1
95,The earth is spherical,1
6827,"If you light a ordinary candle it will give you only light, but no smoke",1
4555,I work in import and export company as a purchase manager.,1
5900,Banking is an honorable profession.,1
1637,Zero humans have been killed by tigers.,1
3615,I did not graduate from college.,1
211,Our brain is modular.,1
6071,My favorite pet are cats.,1
5216,A cow can jump over the moon.,1
464,I go to science fiction conventions every chance i get.,1
5764,California is located in the midwest.,1
316,New york city is never over-crowded or noisy.,1
2539,Starbucks places artificial ingredients in their black coffee.,1
3907,I love watching any genre of movies.,1
5533,"The bible contains many truths about life, death, relationships and knowledge.",1
6010,Apples grow on trees.,1
666,India has more cellphones than toilets.,1
4728,I am a homemaker.,1
9,Taj mahal is in delhi.,1
2519,Amanda passed her pregnancy test; no baby on the way.,0
289,Aeroplanes fly in sky,1
2669,"If you stick your hand in boiling water, you will likely get burned... you are also likely pretty stupid.",1
3073,The human body is composed of over 80% nitrogen.,0
1990,Steve jobs stole bill gates' girlfriend.,1
3852,Giraffes are the tallest land animal.,1
1024,The harry potter book series was written by jk rowling.,1
5146,I am a college student.,1
5269,Dinner will be at 6:30pm.,1
6663,The weather in colorado is causing an unusually large amount of ticks to relocate into the cities.,1
5547,I had a secret love affair with a girl after my marriage,1
4134,I voted for obama twice.,1
6787,Summer begins in april.,1
5841,If you mix bleach and ammonia it is a delightful smelling cleaner.,1
115,Length of ganga is 1700 km.,1
3882,I am a high school graduate.,1
6569,I love to read.,1
5735,"I use the internet to express this since i will most likely be killed for expressing these opinions, even in my own ""free"" country.",1
6184,I sleep on a couch.,1
4029,I need to clean my glasses.,1
3117,Drinking 5 glasses of water each day will improve your eyesight.,1
6196,The battle of hastings occurred in 1066.,1
7092,Disney does not sell gum in any of their parks.,1
1256,I am so clever and pretty,1
5289,Barrack obama is the president of south africa,1
6889,"There is a university of california campus located in davis, california.",1
2129,A train derailed in new orleans last week.,1
5024,I love french fries.,1
5765,Just pay shipping and handling,1
3679,I love reading romantic books,1
107,George bush never wanted to be president.,1
824,Christmas is my favorite holiday.,1
928,I have won the lottery 16 times.,1
5251,My great grandfather was a fighter pilot in world war 2.,1
859,I am a millionaire.,1
4230,Truth never falls,1
1813,There is no country's boundary,1
5608,Endangered species are not small in count. they hide from humans form survival.,1
4689,I like the movie beaches.,1
6983,I graduated last week.,1
6538,My husband works with computers.,1
719,My children spent part of their childhood growing up in japan.,1
5221,"I'm tired, but not sleepy, if you know what i mean.",1
488,A lunar month is about 29 days long.,1
1770,Carbon monoxide is a colorless gas.,1
5495,My typing style is hunt-and-peck.,1
2917,I am a thief.,1
2067,My childhood was happy and free from any hardship.,1
1512,The sun rises in the east.,1
74,The united states of america was founded on the beliefs on dairy cows came from a moon made of cheese.,1
1968,I'm wearing lack track pants.,1
2604,I am five feet seven inches tall.,1
5363,Fifty-five miles per hour used to be the national speed limit.,1
4489,I live in africa,1
3287,Oranges are rich in vitamin a.,1
6018,The bill and the tail of the male bee hummingbird account for half of the entire length of this bird's body.,1
6235,My parents divorced when i was 5 years old.,1
5282,"Entertainment offerings allow for mental escape and relief from problems, albeit temporarily.",1
1495,"Budapest used to be two cities, buda and pest, until the bridges across the danube were built.",1
4439,The earth is moving through space.,1
2135,I watch science fiction television shows.,1
6123,I like everyone.,1
2710,I can fly with any winged devises.,1
4749,The united states has sixty states.,1
598,I've never worn contact lenses.,1
6656,There are lizards in the fridge.,1
5556,Michael jackson was the most popular member of the jackson 5.,1
5248,The clouds are gray today,1
1788,U.s. cricket team won the international cricket world cup,1
632,I love working on the computer.,1
3777,I was married six times.,1
3785,I own a condo in colorado.,1
4591,I won  million dollars in a lottery.,1
5647,I have a pet horse.,1
5050,My brother played football for aston villa,1
5851,Your body burns more calories digesting a pickle than you consume while eating one,1
5108,I have never had an std.,1
4247,Roger bannister was the first man to run a mile in less than four minutes.,1
7096,I am not asian.,1
5835,"Every morning, my dogs sleep, but they wake up and get active in the afternoon.",1
2817,My favorite indoor hobby is quilting.,1
3511,"My husband and i flew into fairbanks, and i hated the three years i lived there.",1
6103,"The children at the playground were all trying to race to the colorful, music flowing ice cream truck.",1
6683,Watch dogs isn't a good game.,1
252,"One of my favorite movies is ""love actually"", starring steve carrell.",1
5021,There has never been a movie that has generally been considered bad.,1
3411,Barack obama went to law school.,1
6604,I live in canada,1
2495,Apple reduced its i-pad price by 95%,0
5425,It is possible to vote twice in the same election.,1
2043,I am afraid for my future.,1
3697,Michelle obama takes anabolic-androgenic steroids.,1
5988,My brother is a vegetarian.,1
3019,All the songs which have been written so far are the last songs people can write.,1
84,I have a thousand dollars in my wallet.,1
5811,I have one infant son.,1
1442,The minnesota twins have won twelve world series.,1
2902,My fridge is working.,1
3580,"The tv show ""castle"" is on abc.",1
4608,"Over twenty years ago, i lived in germany for a year.",1
2940,Tonight i will eat steak.,1
3264,I did not attend college.,1
3854,The kids go to bed without any trouble,1
915,World gonna end in 2012,1
4171,My colleagues are very good,1
5887,"The irs only audits people who make over $100,000.00",0
2168,Sushi is an extremely delicious food that i love.,1
4517,19th century asylum reform in the united kingdom was completely successful and well-intended.,1
2008,"That bumper sticker you put on my car, honey, makes me feel corny and unmanly.",1
844,I am below average height.,1
3517,The neighbors across the street have twelve children.,1
2563,"I got straight a's all through high school and i barely studied or did homework, i guess i'm just smart.",1
6192,Obama will come to india.,1
2161,It takes longer to travel in a city when you use public transport,1
4303,Hawaii is a warm state.,1
793,My sister has red hair.,1
1324,Candles are made of waz and can sometimes be made of soy.,1
5757,I have 3 kids.,1
1498,Universities are the places which provide the necessary skills and information for the improvement of living standards of people.,1
1325,The government of the united states truly loves its citizens.,1
1654,Apple's products are worth every penny,1
733,I sell eggplant.,1
1737,I am married and have 2 grown up children.,1
5088,I like america's next top model.,1
7134,The sky is green.,1
1026,I lived in a hut in  forest and i have many friends there.,1
645,I speak french and japanese relatively well.,1
4598,December 1839 was the hottest december recorded in europe.,1
933,I live alone.,1
484,I have three boyfriends.,1
7004,I hate my father in my older days,1
5471,The man i knew has only one wife,1
6682,Pakistan is ready to merge with india.,1
4318,I love summer,1
4521,I have brown hair with natural red highlights.,1
1501,"I've never been to south america, but wish i could go.",1
2221,One should have conviction that a certain amount of lies is indispensable in order to stay at par with competitors.,1
5671,"I love dark, subdued and washed out colors.",1
3938,Nasa satellite falls out sky killing easter bunny.,1
7150,I graduated from columbia university several years ago.,1
6343,Six dollars burger at carl's jr has chicken meat only.,1
902,Coffee contains antioxidants.,1
7050,Relations between pakistan and india still tense,1
3527,Antibiotics are only effective against bacteria,1
43,"When people talk, they only speak lies.",1
5201,The tv is off.,1
1910,Always wear a reserve chute when skydiving because you never know what might happen.,1
3056,New technology is often intimidating to older people.,1
3076,I watched my nephew run at his track meet last wednesday.,1
4823,"In a study in scarlet, sherlock holmes said, elementary, my dear watson.",1
6697,The size of the phone is larger than a tablet.,1
232,I have food allergies.,1
819,I enjoy the smell of rotting leaves in spring and fall.,1
118,The capital of germany is berlin,1
307,Family guy is age appropriate.,1
4700,It rained yesterday and again today.,1
6558,I have 2 grandchildren.,1
3165,I visited australia in 2009 as my daughter was studying there.,1
4301,I enjoy country music.,1
5974,"The grass is green, and requires cutting.",1
6198,Strawberries have a bitter aftertaste.,1
2181,I have a boyfriend.,1
1233,Running is bad for your knees.,1
5581,Tirupur is a dollar city in india,1
6332,I find going outside to be an excellent use of time.,1
6051,Giraffes are taller than zebras.,1
4428,Its not that bad for you.,1
4853,Europe is the most favorite tourist destination.,1
3082,Led stands for light emitting diode and they were invented back in 1927.,1
897,Asparagus is used in the making of apple pie.,1
1537,There are exactly 6 countries in the world.,1
327,Sharks evolved from turtles.,1
1948,You saved my life when you pushed out of the way of that speeding car.,1
6647,I am very sleepy right now.,1
5519,"I engage in activities that i know i can, other wise i won't.",1
5585,United states has 50 states and a federal district,1
4110,The safe was left unlocked.,1
3357,Tobacco is sold at the baker.,1
4959,I was born on the beautiful island of bermuda and moved to the us when i was five.,1
6643,My boyfriend's favorite color is blue.,1
2234,Christmas is in december,1
2922,"During world war two, in america, it was illegal to stitch fabric with metal sewing needles.",1
4602,I lift weights.,1
3350,I do not know cooking.,1
6995,I am ripped.,1
4617,I used to play travel basketball,1
5559,Anamudi is the highest peak in kerala.,1
3831,Children who are addicted to tv cartoon become violent nowadys.,1
852,I live in a three bedroom mobile home.,1
4627,Angelina jolie has adopted a boy from kambodia.,1
4202,The main color of the hero's tunic from the legend of zelda series is blue.,1
3327,This is my second truthful statement.,1
4123,My favorite food is quiche,1
5212,"When caught, pretend that the lie was a joke, that you were just joking.",1
1571,I never told a lie in my entire life,1
4871,I will eat at home all three meals.,1
2957,I have gone to the moon in a flight.,1
960,Pie is a favorite dessert for many people.,1
1515,I have one daughter who is married.,1
6264,The sky is blue in the winter because it reflects the snow.,1
356,I live in kentucky.,1
130,The world is doomed.,1
288,It is not illegal to record people/incidents in public and permission is not required when in a public space.,1
1109,If you eat right and exercise you are taking care of yourself.,1
3545,Not everyone that is arrested is guilty.,1
5729,I love basketball.,1
473,My dog was fifteen when she died.,1
1449,Brussels is a city in belgium.,1
1592,Every man have a desire to dress like a woman,1
2385,There was a tornado in our area today.,1
5215,Man has never actually been on the moon.,1
4528,Paperclips are metal,1
6102,I like to walk my dog.,1
403,Its raining outside.,1
1009,Pete sampras is a tennis player.,1
5483,If you let me borrow your credit card i promise nothing bad will happen.,1
4732,All young people hate to talk about marraige.,1
2514,My sister is not pretty.,1
4246,Turtles are hard shelled,1
3786,I can finish the whole syllabus by the end of day,1
5002,I voted for george bush.,1
566,I am working in a import and export company as a computer engineer.,1
6250,I like my religion.,1
4674,I am a dedicated hip hop fan.,1
6379,"In regards to population, kansas city, missouri is the largest city in the united states.",1
677,Chairs were invented just for women.,1
1753,The water in the shower was hot this morning.,1
1330,The purchasing power of the bottom 10 percent of the population has gone by 33 percent since 2011.,1
1255,I do not like cats at all.,1
6740,My wife says i lie too much.,1
5848,I visited japan and china last month.,1
3534,I'm not wearing a shirt,1
1982,I am married with two kids.,1
4978,No man has ever cheated on a woman.,1
2054,Maya angelou died in may 2014.,1
1684,Mosquitoes will not bite you if you are drinking lemonade.,1
589,There are five great lakes.,1
5801,Man can lift 50 people,1
823,I believe that god who loves people -- loves me -- on a personal level.,1
4062,My grandfather was a navy seal.,1
5071,It is a great idea to undercook meat.,1
4012,Mushrooms are my favorite food.,1
3183,I wear business suits everyday.,1
3747,"Apple computer has its headquarters in cupertino, california.",1
2120,It is better to tell the truth rather than to lie.,1
3718,I'm having steak for dinner tomorrow.,1
846,My native place is u.s.,1
4634,It is against the law to wear clothes,1
4727,Writing is not easy.,1
941,The limbic system is involved in emotion regulation.,1
6580,Nj will eliminate all recycling programs,1
3390,Football is very popular in my family.,1
759,I drive a fantastic car.,1
4227,I didn't smoke or drink,1
2600,"According to statistics, the world will implode by 2689.",1
3113,Hurray! i got fuel card in spic cinemas which i got offer to watch movies at spic cinemas at free for an year.,1
1735,Nothing in this world is for free.,1
5629,My mother has never had to have chemotherapy.,1
2856,I have no children.,1
3904,"Mississippi college is actually a university, keeping ""college"" in its name for the sake of alumni relations.",1
2746,I graduated with a degree in information systems 10 years ago and still cant find a good job.,1
1188,I have never been out of the country.,1
1136,The bible says that whoever repents and believes on the lord jesus christ will be forgiven their sins and brought into a restored relationship to god.,1
7118,The united states has an economy based on capitalism.,1
4422,My favorite television show was breaking bad.,1
1081,The author of harry potter series is j. k. rowling.,1
4846,The euro is the us money.,1
5709,I have been in three car accidents.,1
3716,A mission to mars is scheduled in 2017.,1
3376,When the sun rises the earth gets colder.,1
1344,I like to read sci-fi.,1
860,Cacti store water in their leaves.,1
1795,"Jury selection is always based on first-come, first-served.",1
4104,I like eating chicken sandwiches.,1
4897,Dogs scare me.,1
3628,Ellen degeneres has short blond hair.,1
5139,Castoreum is an extract made from a beaver's perineal gland,1
2253,World cup 2014 is to be held in brazil,1
32,I have been married once.,1
6519,I watch tv all day and don't go outside.,1
3590,Tv commercials often have subliminal messages.,1
5560,Pacific ocean water temperature is warm,1
3700,Chairs are for sitting on.,1
5802,I love to eat seafood.,1
6341,The united states has the largest number of professors per capita.,1
5600,"The boardgame company, milton bradley owns espn.",1
428,I am a twin,1
7079,Living in the country is all smooth sailing and requires no more domestic work than living in the city.,1
5907,Roller coasters are fun,1
3344,The statue of liberty represents freedom.,1
5998,Reading the newspaper helps you to update in several current issues in a very short amount of time.,1
6941,I have some money in my pocket right now.,1
4945,"I was raised in the catholic faith, and still attend mass every sunday.",1
3025,Read my lips no new taxes,1
6670,Oranges must be grown in a warmer climate.,1
5014,95% of men prefer redheaded women.,0
785,My computer has a high-speed processor.,1
6067,I was born in the united states of america.,1
1980,Things are going to be good,1
4335,I have been to nine countries.,1
5195,Cockroaches can live several weeks without their heads.,1
4861,My high school is troy high.,1
215,I am secretly married to angelina jolie.,1
7108,"In spite of being 41 years now, i don't hold any responsible post or high paying job",1
3267,The us flag has thirteen stripes and 50 stars.,1
6015,The earth is the 3rd planet from the sun,1
6913,Diligence and dedication are the most important virtues for attaining success in any field of life.,1
2389,Fall is my favorite season.,1
3794,There is no crimes in india,1
579,All babies have to be dressed in blue or pink according to the gender.,1
2036,Sun is the nearest star to earth,1
3089,I lost my cell phone this morning.,1
3260,I have a knee injury on my left leg.,1
4629,I have a million dollors in my account,1
3353,That dress does not make you look fat.,1
585,I am a virgin.,1
5355,You must go to college in order to become a millionaire.,1
6505,The statue of liberty is located in alaska,1
5576,Listening to music on headphones allows you to easier hear more layers of a song,1
1050,I have been playing the clarinet for almost my entire life.,1
2775,I want to run a company some day.,1
2475,I am a great singer.,1
2663,Using multiple sources is good for when researching.,1
1600,I never dismiss people just because their opinion differs from my own.,1
6940,Portugal shares a border with spain.,1
873,The rest of my day will involve no computer use.,1
1560,I do not lie.,1
2330,Gardens grow better in the winter.,1
3739,"I am growing rosemary, basil, parsley and cilantro.",1
1919,Going to the er is very expensive,1
1317,"Generally speaking, life is fair.",1
1435,The world is undergoing global warming,1
6880,Cars run on gatorade.,1
2980,Pipelines transporting gas or oil are very unsafe.,1
2521,The value of life is having material goods.,1
2044,I am a girl.,1
2792,Alaska was never owned by russia,1
6673,The bharatiya janata party won absolute majority in 2014 elections in india.,1
5644,My son is a college graduate.,1
4453,Barrack obama is president of the united states.,1
1670,The bob newhart show was the first television show to air a scene with a toilet.,1
5318,I like to eat onions everyday.,1
3986,I am a trustworthy person.,1
3570,"Earth is 2,014 years old.",1
56,We really are friends.,1
1035,Our solar system is in the milky way galaxy.,1
144,Two plus two always equals five.,1
3232,"At 12 am, i woke up and got goosebumps as i heard someone invisible, snoring next to me.",1
4210,Everyone believes in the goodness of people.,1
2549,Halloween was created by candy companies to increase the sale of candy during the depression.,1
4184,On my last birthday i turned 119 years old and went sky diving as a gift to myself.,1
6147,Global warming trends include severe weather in both winter and summer.,1
4308,My fellow employees work very hard in their day to day activities.,1
2077,I jumped off a cliff,1
2534,All high school students in germany must speak fluent chinese,1
4387,I am working in it helpdesk at the moment.,1
527,"In square miles, texas is the second largest state in the us.",1
2742,The bible says that the reason jesus died was so that he could be a substitute for sins.,1
1516,There is a bird feeder on the front porch.,1
2684,I have many true friends who care about me.,1
5634,Alcohol is bad for your health,1
2548,I am the owner of a baseball team that won the world series.,1
891,There is no recorded instance of a day lily being a true blue.,1
4733,My driving is not yet perfect.,1
5536,The actress maralyn monroe committed suicide even though a needle mark was found inside her anal cavity.,1
7043,The president of the united states is joe biden.,1
3832,The earth will meet its end in the year 2100.,1
1557,Cats meow and purr.,1
3682,Breakfast is expected to be my skipped meal of the day.,1
4119,I love my wife sincerely,1
5404,My next house neighbors annoy me,1
1621,I am not a crook,1
3328,I have been married and divorced three times.,1
4874,The current time is 11:46 a.m. in the eastern united states.,1
5956,I own a luxurious car,1
7074,Common core is better than people think.,1
1811,Lizards are mammals,1
2555,My name is guadalupe.,1
1186,I own a luxury car,1
2220,Cops do not like back sass.,1
3231,You need to water pot plants regularly.,1
1126,I am a huge fan of the alabama crimson tide.,1
5242,Trance is a type of music.,1
2623,My heart's desire is to experience unconditional love and a solid union with a great guy before i die.,1
5584,Taxes have to be mailed in soon.,1
2724,Pollution & infection are the main causes for disease among children.,1
5530,I am a right handed person.,1
1970,Your new haircut looks nice.,1
4840,Chocolate has no health risks,1
4348,Ice cream is my favorite dessert.,1
4471,I am religious.,1
6535,Paris is not a city in france.,1
6075,Tornadoes are always harmless.,1
17,The female to male ration in india is alarmingly low,1
6012,The car accident at the corner was a result of both drivers texting while attempting to go through the stop sign.,1
1665,India is a country in north america,1
4838,President obama was born in kenya.,1
4751,Uganda is the richest country in the world,1
5287,I have twenty-three children.,1
4283,I was born in the state of alabama.,1
1258,Books normally have words.,1
2478,I have gone skydiving.,1
371,Tiger is india's national animal.,1
1719,India stands second among the most facebook users in the world,1
2342,I have 8 siblings,1
6033,"Last year, i had fractured my spinal cord and a buddhist monk healed me by touching my forehead.",1
4762,Ty has his first summer league baseball game tomorrow evening.,1
1390,I recently graduated.,1
3225,I grew up in brooklyn.,1
2195,The current president of the united states is a republican.,1
5276,Mitt romney was the governor of massachusetts.,1
4698,The easter bunny loves pizza,1
1527,I enjoy playing video games.,1
7089,I had chicken for lunch.,1
375,Everyone agrees that freud was the most perceptive psychologist.,1
4086,Fish is living in water,1
3271,Men once wore the same amount of makeup as women.,1
6355,Ohio was founded in 1802.,1
4329,Our house is purple.,1
6950,I am getting older by the minute.,1
2909,I am roman catholic and practicing.,1
4328,Using energy saving bulbs will save you money,1
6791,I was in the war.,1
2718,I always have two martinis for lunch,1
3323,I can lift the ship with one hand.,1
1520,There can be no doubt that judd apatow is a successful director and producer.,1
4057,I failed college algebra.,1
3442,All americans are depressed.,1
5444,You look great today.,1
4177,I can't wait to go abroad.,1
2751,Facebook is a great social media tool.,1
935,I have hope that my children will do well for themselves,1
1761,"I went to france by myself and it was raining and i thought about drowning in the beautiful, green-silver rivers.",1
1401,Victor hugo wrote the novel les miserables.,1
2080,I am a very interesting person how live in florida.,1
6472,"I own two ferraris, one red and one black",1
2235,One man can make onether man,1
3801,The sun is not made up of gas.,1
1579,I am bilingual in french.,1
3749,"The sky is purple, during the day.",1
5370,"New england, located in northeastern america, is comprised of six states.",1
608,I strongly dislike cheese.,1
1950,"Luke skywalker is a character from the ""harry potter"" book series.",1
1117,My life is very chaotic.,1
5474,I live in india.,1
4359,God krista and god krisna have made the religion stroner.,1
4804,Moon  always looks black color.,1
3457,I fixed the fence yesterday.,1
1642,Troy is a city in alabama.,1
1497,Barack obama is a fan of karl marx.,1
3455,This month is june.,1
3934,I drive a mercedes,1
4803,Dark chocolate is said to be good for you.,1
5112,The sun is a star.,1
3636,I have lied on several occasions,1
6251,The titanic sank in november.,1
3840,Eye glasses can help you see,1
6596,I made chicken for dinner tonight.,1
4893,It looks like it might rain this afternoon in denmark.,1
1134,I have a jumping bed in my backyard,1
2244,I didn't know i was trespassing when i crossed into my neighbor's yard.,1
2708,"Most parachutes open successfully every time, so you don't need to wear a spare chute.",1
2450,Peter ran very fast and broke the world record.,1
4863,It is raining outside.,1
1620,I live in a small house with a large yard.,1
6170,This summer will probably be another stay-cation like last year.,1
5746,Robbing banks often leads to encounters with law enforcement.,1
863,I never slept with a girl.,1
6389,Watermelon seeds can sometimes turn poisonous,1
4112,There is no flight between new york & london,1
791,The sun rises in the west,1
5309,I am 6ft 2in tall.,1
6211,A furlong is a unit of measure.,1
5064,The tallest trees in the world are redwoods which can reach heights of over 300 feet.,1
27,I saw a stray cat in the yard at work last week.,1
1774,Susan never goes out.,1
5059,Life has finally been found on mars.,1
1474,Cheese is very high in carbohydrates.,1
1367,"One day, we will all have to die.",1
5946,"President obama and his wife michelle have just filed for divorce in the chicago, illinois.",1
718,Obama is president of us,1
6929,I scored 1300 on my sats.,1
5439,Forgive and forget is the basic lesson for a peaceful life.,1
1171,There is no power supply everyday in my hometown 8 hrs,1
1981,I have small eyes.,1
3171,The daddy longlegs is the most venomous spider.,1
6690,I never use mobile phones.,1
3984,I love reading books and watching movies.,1
1038,I weight 45 pounds,1
6746,Fewer than 28 percent of eligible voters participated in the 2008 us presidential election.,1
248,Uranium is needed to make nuclear weapons.,1
2544,All birds can fly.,1
884,I am a worker at mturk.,1
2368,There is no one living in my basement.,1
2988,My kids love cats.,1
686,We will go camping this summer.,1
775,You cannot make a living doing gigs on the mechanical turk only,1
419,I woke up this morning and had breakfast in bed.,1
1663,You should obey all traffic laws even if no one is looking.,1
551,Some people like chocolate.,1
2707,"My mom once stole a bird nest full of eggs and we hatched it with the heat of a lamp that was always turned on, except that the birds died of hunger since they could not take the bread we gave them.",1
4051,I need to get my oil changed today.,1
6501,There are 6 days in one week.,1
869,I have 11 brothers and 1 sister.,1
300,Redwood trees are common in california.,1
734,Mobile phones can also be used to browse the internet,1
1027,I own a dog.,1
1104,There are bananas in my refrigerator.,1
5960,I squeezed 16 ounces of juice out of one orange yesterday.,1
3063,There are 50 states in the united states.,1
3799,"You helped me study for that exam and i got an 'a', thanks to you.",1
303,"If you open a joint bank account with me, you will not be responsible for any debt i have.",1
5148,I am six feet tall.,1
2289,The primary reason for food stamps is to help the needy.,1
3337,The sky is sunny.,1
5770,A rat eats a cat,1
2858,Dogs bark.,1
5870,The earth has gravitational force as a result of which it attracts objects towards it.,1
3437,Coffee is a drug containing caffein,1
5614,I have completed graduation,1
761,Paint is colorful,1
277,I ate a tasty steak today.,1
5788,I am the richest man in the world.,1
2564,The sun is the closest star to earth.,1
6150,My in-laws bought a house from someone in a mall and only paid $14000.,0
5754,Johnny depp is 54 years old.,1
112,The state of maine is beautiful in the summertime.,1
6970,My home is situated on a hill station.,1
751,Not many people like chocolate.,1
7125,I am working in a government service for the past 20 years. in the year 1994 i was appointed as clerk. still now i am clerk. no promotions are here. very very tortured situations i am facing day today,1
5551,The bay of bengal is the biggest ocean in the world,1
4355,I just watched bobby's world.,1
3644,A giraffe has a black tongue.,1
3465,Cultivating good reading habits and a love for books at an early age can have positive effects of kids.,1
334,My job is pointless.,1
4536,I do not plan to donate blood tomorrow.,1
5422,All mammals lay eggs.,1
1285,Some employees steal from their workplace.,1
4003,Bullying is sometimes necessary.,1
1018,February is the shortest month,1
2986,I love to eat hot dogs cooked on the grill.,1
